Inquirer.js,89,427
UglifyJS2,36,765
async,308,786
aws-sdk-js,614,3412
backbone,76,1864
bluebird,2294,9546
body-parser,8,287
chalk,0,34
cheerio,35,1306
clean-css,57,447
cli-color,7,40
coffeescript,44,1226
colors.js,2,60
commander.js,6,60
concat-stream,2,44
connect,20,118
debug,5,54
ejs,12,145
escodegen,216,6611
express,294,1868
generator,154,850
grunt,41,367
gulp-util,36,67
gulp,33,82
hiredis-node,2,35
iconv-lite,20,277
inherits,0,6
jade,106,795
jquery,162,3151
js-yaml,92,1424
jsdom,187,7709
less.js,191,1551
lodash,290,6814
log4js-node,97,855
marked,3,59
minimatch,3,73
minimist,0,68
mocha,139,1392
moment,438,3927
mustache.js,10,120
nconf,32,194
ncp,26,55
node-browserify,41,495
node-extend,0,33
node-fs-extra,110,186
node-glob,33,182
node-graceful-fs,15,56
node-http-proxy,35,271
node-mime,0,9
node-mkdirp,4,64
node-mysql,175,798
node-oauth,47,281
node-open,3,8
node-optimist,6,113
node-semver,0,193
node-uuid,1,24
node-xml2js,1,38
node_redis,33,492
nomnom,2,108
nopt,0,29
npm,330,1718
promise,45,145
prompt,29,116
q,103,1296
r.js,583,5687
react,117,2590
readable-stream,153,684
request,25,665
rimraf,7,16
shelljs,13,89
should.js,79,568
socket.io-client,90,458
socket.io,89,358
stylus,33,757
superagent,190,594
through,8,44
through2,19,43
underscore.string,39,1227
validator.js,1,126
winston,58,427
wrench-js,11,53
ws,235,821
xtend,0,9
yargs,11,278
yosay,0,15
