underscore,1
uglify-js,1
clean-css,1
promisesaplus,1
nunjucks,1
lodash,1
stylus,1
gulp,1
jquery,2
handlebars,2
spade,9
ember-runtime,2
ember-views,4
ember-routing,2
ember-handlebars,1
ember-application,1
ember-handlebars-compiler,1
metamorph,1
ember-metal,1
container,2
ampersand-collection,1
ampersand-router,1
ampersand-state,1
ampersand-subcollection,1
ampersand-view,1
debounce,1
javascript-brunch,1
coffee-script-brunch,1
css-brunch,1
stylus-brunch,1
handlebars-brunch,1
uglify-js-brunch,1
clean-css-brunch,1
derby,1
racer,1
express,2
gzippo,1
socketstream,1
ss-hogan,1