  request	12
  express	11
  async	11
  moment	10
  handlebars	8
  semver	7
  redis	7
  jquery	6
  lodash	6
  nodemailer	6
  winston	6
  'component/dom'	6
  passport	5
  npm	5
  mongoose	5
  'connect-flash'	4
  gravatar	4
  'socket.io'	4
  'async-cache'	4
  bluebird	3
  'body-parser'	3
  compression	3
  morgan	3
  'node-uuid'	3
  rss	3
  validator	3
  'passport-local'	3
  underscore	3
  ejs	3
  csv	3
  jade	3
  marked	3
  bcrypt	3
  bootstrap	3
  'couch-login'	3
  lab	3
  stylus	3
  bower	3
codemirror	2
  'jquery-file-upload'	2
  'showdown-ghost'	2
  bcryptjs	2
  cheerio	2
  colors	2
  'connect-slashes'	2
  'fs-extra'	2
  sqlite3	2
  'uglify-js'	2
  eventemitter2	2
  'cookie-parser'	2
  'express-session'	2
  mkdirp	2
  nconf	2
  prompt	2
  rimraf	2
  'serve-favicon'	2
  'socket.io-client'	2
  connect	2
  consolidate	2
  requirejs	2
  'connect-mongo'	2
  canvas	2
  when	2
  html5shiv	2
  qs	2
  'graceful-fs'	2
  deck	2
  'github-url-from-git'	2
  murmurhash	2
  nib	2
  'nodemailer-ses-transport'	2
  'npm-typeahead'	2
  'npm-user-validate'	2
  npm2es	2
  'numbat-emitter'	2
  sanitizer	2
  stripe	2
  cookies	2
  glob	2
  'lru-cache'	2
  minimatch	2
  combohandler	2
  'db-migrate'	2
  'deep-freeze'	2
  'express-slash'	2
  'express-state'	2
  'express3-handlebars'	2
  pg	2
  'angular-route'	2
  angular	2
  fontawesome	2
  Countable	1
  device	1
  ember	1
  'ember-data'	1
  'ember-load-initializers'	1
  'ember-resolver'	1
  'ember-simple-auth'	1
  fastclick	1
  'ic-ajax'	1
  'jquery-hammerjs'	1
  'jquery-ui'	1
  keymaster	1
  'loader.js'	1
  nanoscroller	1
  'normalize-scss'	1
  nprogress	1
  'validator-js'	1
  'google-caja'	1
  bookshelf	1
  busboy	1
  downsize	1
  'express-hbs'	1
  'html-to-text'	1
  knex	1
  oauth2orize	1
  'passport-http-bearer'	1
  'passport-oauth2-client-password'	1
  unidecode	1
  xml	1
  'node-static'	1
  'engine.io'	1
  daemonize2	1
  'ipaddr.js'	1
  socksjs	1
  'iconv-lite'	1
  spdy	1
  po2json	1
  'connect-ensure-login'	1
  'connect-multiparty'	1
  cron	1
  csurf	1
  daemon	1
  gm	1
  heapdump	1
  less	1
  'logrotate-stream'	1
  'nodebb-plugin-dbsearch'	1
  'nodebb-plugin-markdown'	1
  'nodebb-plugin-mentions'	1
  'nodebb-plugin-soundpack-default'	1
  'nodebb-plugin-spam-be-gone'	1
  'nodebb-theme-lavender'	1
  'nodebb-theme-vanilla'	1
  'nodebb-widget-essentials'	1
  sitemap	1
  'socket.io-redis'	1
  'socketio-wildcard'	1
  string	1
  'templates.js'	1
  xregexp	1
  bigpipe	1
  'bigpipe-godot'	1
  'bigpipe-layout'	1
  'bigpipe-watch'	1
  contour	1
  cradle	1
  diagnostics	1
  dynamis	1
  githulk	1
  'memory-producer'	1
  'npm-dependencies-pagelet'	1
  'npm-documentation-pagelet'	1
  'npm-package-json-pagelet'	1
  'npm-probe'	1
  'npm-registry'	1
  'npm-search-pagelet'	1
  'packages-pagelet'	1
  'registry-status-pagelet'	1
  sockjs	1
  config	1
  couchwatch	1
  cycle	1
  d3	1
  david	1
  'dep-diff'	1
  extract	1
  github	1
  'github-url'	1
  level	1
  'level-session'	1
  'memory-cache'	1
  merge	1
  'meta-marked'	1
  toastr	1
  text	1
  backbone	1
  json3	1
  'requirejs-tpl'	1
  momentjs	1
  'passport-github'	1
  'passport.socketio'	1
  q	1
  'html-css-sanitizer'	1
  azure	1
  'bcrypt-nodejs'	1
  cloudinary	1
  embedly	1
  'keystone-utils'	1
  knox	1
  'less-middleware'	1
  'mandrill-api'	1
  mpromise	1
  mv	1
  numeral	1
  queryfilter	1
  range_check	1
  scmp	1
  captcha	1
  logfmt	1
  tripcode	1
  'socket.io-stream'	1
  read	1
  geoip	1
  'backbone-amd'	1
  qunit	1
  'qunit-data-providers'	1
  'qunit-promises'	1
  'es5-shim'	1
  'pinvault-observer'	1
  pinvault	1
  lesshat	1
  soundmanager2	1
  proxmis	1
  'cli-color'	1
  'static-favicon'	1
  'connect-redis'	1
  'helper-hoard'	1
  'response-time'	1
  errorhandler	1
  forever	1
  bytes	1
  newrelic	1
  decay	1
  pitstop	1
  'adm-zip'	1
  dateformat	1
  downloader	1
  feedparser	1
  'fluent-ffmpeg'	1
  'fs.extra'	1
  ini	1
  lastfmapi	1
  lingua	1
  'method-override'	1
  moviedb	1
  musicmetadata	1
  'node-ffprobe'	1
  'node-html-encoder'	1
  'node-schedule'	1
  open	1
  require	1
  sequelize	1
  'to-title-case'	1
  trakt	1
  walk	1
  wget	1
  'youtube-api'	1
  'accept-language-parser'	1
  blankie	1
  bole	1
  cargo	1
  catbox	1
  'catbox-redis'	1
  chunk	1
  crumb	1
  elasticsearch	1
  'github-url-to-object'	1
  'handlebars-helper-pluralize'	1
  hapi	1
  'hapi-auth-cookie'	1
  hbsfy	1
  'highlight.js'	1
  hiredis	1
  hoek	1
  'is-url'	1
  joi	1
  leven	1
  malarkey	1
  mousetrap	1
  'newww-metrics'	1
  'npm-expansions'	1
  'npm-humans'	1
  'number-grouper'	1
  'parse-link-header'	1
  pkgs	1
  schemeless	1
  scooter	1
  similarity	1
  'validate-npm-package-name'	1
  sinon	1
  browserify	1
  bunyan	1
  'canonical-host'	1
  'cluster-master'	1
  'comma-it'	1
  'csrf-lite'	1
  emcee	1
  'error-page'	1
  hardhttps	1
  'http-https'	1
  keygrip	1
  'npm-registry-client'	1
  npmconf	1
  'parse-json-response'	1
  raygun	1
  redsess	1
  routes	1
  st	1
  templar	1
  uglifyjs	1
  'hide-address-bar'	1
  'normalize-css'	1
  'aws-sign'	1
  'cookie-jar'	1
  cryptiles	1
  'forever-agent'	1
  inherits	1
  'oauth-sign'	1
  optimist	1
  'tunnel-agent'	1
  wordwrap	1
  boom	1
  'combined-stream'	1
  'http-signature'	1
  sntp	1
  'angular-sanitize'	1
  datetimepicker	1
  respond	1
  jqueryui	1
  'jqueryui-touch-punch'	1
  'jquery.iframe-transport'	1
  'jquery.validation'	1
  'jquery.spinjs'	1
  'to-markdown'	1
  markdown	1
  'danialfarid-angular-file-upload'	1
  'ng-sortable'	1
  fakeredis	1
  formidable	1
  htmlencode	1
  locale	1
  mongodb	1
  minify	1
  'node.extend'	1
  'node-promise'	1
  process	1
  'sanitize-html'	1
  dot	1
  svgo	1
  phantomjs	1
  'es6-promise'	1
  camp	1
  'component/relative-date'	1
  'component/spinner'	1
  'component/scroll-to'	1
  'timoxley/offset'	1
  'component/events'	1
  'component/emitter'	1
  'component/inputarea'	1
  'yields/store'	1
  'component/humanize-keys'	1
  'yields/k'	1
  'slate-irc'	1
  'component-builder'	1
  minstache	1
  growl	1
  component	1
  Sortable	1
  bootbox	1
  'jquery-timeago'	1
  MD5	1
  ansiparse	1
  'cli-table'	1
  cookie	1
  cors	1
  everypaas	1
  'express-namespace'	1
  extend	1
  httpcheck	1
  loggly	1
  mailer	1
  pw	1
  rc	1
  'ssh-keypair'	1
  step	1
  'strider-bitbucket'	1
  'strider-build-badge'	1
  'strider-cli'	1
  'strider-custom'	1
  'strider-email-notifier'	1
  'strider-env'	1
  'strider-extension-loader'	1
  'strider-git'	1
  'strider-github'	1
  'strider-gitlab'	1
  'strider-heroku'	1
  'strider-mailer'	1
  'strider-metadata'	1
  'strider-node'	1
  'strider-python'	1
  'strider-ruby'	1
  'strider-simple-runner'	1
  'strider-slack'	1
  'strider-ssh-deploy'	1
  superagent	1
  swig	1
  'thirty-two'	1
