"underscore,",15
"mkdirp,",10
"glob,",9
"debug,",8
"request,",8
"async,",7
"'readable-stream',",7
"chalk,",6
"optimist,",6
"lodash,",5
"inherits,",5
"rimraf,",5
"minimatch,",5
"minimist,",5
"'test-package-with-one-dep',",5
"express,",5
"qs,",4
"commander,",4
"'npm-test-peer-deps',",4
"'text-table',",3
"nopt,",3
"through2,",3
"colors,",3
"semver,",3
"'lru-cache',",3
"'graceful-fs',",3
"sax,",3
"read,",3
"envify,",3
"'ansi-regex',",2
"'source-map',",2
"xmlbuilder,",2
"depd,",2
"'iconv-lite',",2
"'media-typer',",2
"'on-finished',",2
"'type-is',",2
"'ansi-styles',",2
"'escape-string-regexp',",2
"'strip-ansi',",2
"htmlparser2,",2
"finalhandler,",2
"parseurl,",2
"'utils-merge',",2
"esprima,",2
"methods,",2
"cheerio,",2
"diff,",2
"'findup-sync',",2
"mime,",2
"'underscore.string',",2
"'generator-dummy',",2
"dateformat,",2
"which,",2
"archy,",2
"nan,",2
"ini,",2
"isarray,",2
"string_decoder,",2
"xtend,",2
"inflight,",2
"once,",2
"'socket.io-client',",2
"abbrev,",2
"ansi,",2
"'npm-test-single-file',",2
"'npm-test-ignore-shrinkwrap-file',",2
"'package-local-dependency',",2
"pkginfo,",2
"react,",2
"bl,",2
"'form-data',",2
"'socket.io-parser',",2
"'component-emitter',",2
"'cli-color',",1
"figures,",1
"'mute-stream',",1
"readline2,",1
"rx,",1
"through,",1
"'uglify-to-browserify',",1
"xml2js,",1
"'jashkenas/underscore',",1
"deferred,",1
"kew,",1
"q,",1
"rsvp,",1
"when,",1
"vow,",1
"davy,",1
"lie,",1
"promise,",1
"bytes,",1
"'raw-body',",1
"'has-ansi',",1
"'supports-color',",1
"CSSselect,",1
"entities,",1
"'dom-serializer',",1
"d,",1
"'es5-ext',",1
"memoizee,",1
"'timers-ext',",1
"typedarray,",1
"'guille/ms.js',",1
"ms,",1
"estraverse,",1
"esutils,",1
"optionator,",1
"accepts,",1
"'content-disposition',",1
"'cookie-signature',",1
"'escape-html',",1
"etag,",1
"fresh,",1
"'path-to-regexp',",1
"'proxy-addr',",1
"'range-parser',",1
"send,",1
"'serve-static',",1
"vary,",1
"cookie,",1
"'merge-descriptors',",1
"'class-extend',",1
"'cross-spawn',",1
"dargs,",1
"'detect-conflict',",1
"download,",1
"'file-utils',",1
"'github-username',",1
"'gruntfile-editor',",1
"inquirer,",1
"isbinaryfile,",1
"'mem-fs-editor',",1
"'run-async',",1
"shelljs,",1
"sinon,",1
"'user-home',",1
"'xdg-basedir',",1
"'yeoman-assert',",1
"'yeoman-environment',",1
"'generator-commonjs',",1
"'coffee-script',",1
"eventemitter2,",1
"hooker,",1
"'js-yaml',",1
"exit,",1
"getobject,",1
"'grunt-legacy-util',",1
"'grunt-legacy-log',",1
"deprecated,",1
"'gulp-util',",1
"interpret,",1
"liftoff,",1
"orchestrator,",1
"'pretty-hrtime',",1
"tildify,",1
"v8flags,",1
"'vinyl-fs',",1
"'lodash._reinterpolate',",1
"'lodash.template',",1
"multipipe,",1
"'replace-ext',",1
"vinyl,",1
"bindings,",1
"'character-parser',",1
"constantinople,",1
"monocle,",1
"transformers,",1
"'void-elements',",1
"with,",1
"argparse,",1
"contextify,",1
"cssom,",1
"cssstyle,",1
"nwmatcher,",1
"parse5,",1
"xmlhttprequest,",1
"'browser-request',",1
"sigmund,",1
"growl,",1
"jade,",1
"JSONStream,",1
"assert,",1
"'browser-pack',",1
"'browser-resolve',",1
"'browserify-zlib',",1
"buffer,",1
"builtins,",1
"commondir,",1
"'concat-stream',",1
"'console-browserify',",1
"'constants-browserify',",1
"'crypto-browserify',",1
"'deep-equal',",1
"defined,",1
"'deps-sort',",1
"'domain-browser',",1
"duplexer2,",1
"events,",1
"'http-browserify',",1
"'https-browserify',",1
"'insert-module-globals',",1
"'labeled-stream-splicer',",1
"'module-deps',",1
"'os-browserify',",1
"parents,",1
"'path-browserify',",1
"process,",1
"punycode,",1
"'querystring-es3',",1
"resolve,",1
"'shallow-copy',",1
"shasum,",1
"'shell-quote',",1
"'stream-browserify',",1
"subarg,",1
"'syntax-error',",1
"'timers-browserify',",1
"'tty-browserify',",1
"umd,",1
"url,",1
"util,",1
"'vm-browserify',",1
"qq,",1
"ncp,",1
"jsonfile,",1
"'socket.io',",1
"connect,",1
"'connect-restreamer',",1
"eventemitter3,",1
"'bignumber.js',",1
"'require-all',",1
"wordwrap,",1
"uuid,",1
"'uuid-js',",1
"ansicolors,",1
"ansistyles,",1
"'async-some',",1
"'block-stream',",1
"'char-spinner',",1
"'child-process-close',",1
"chmodr,",1
"chownr,",1
"'cmd-shim',",1
"columnify,",1
"'config-chain',",1
"dezalgo,",1
"editor,",1
"'fs-vacuum',",1
"'fs-write-stream-atomic',",1
"fstream,",1
"'fstream-npm',",1
"'github-url-from-git',",1
"'github-url-from-username-repo',",1
"'init-package-json',",1
"lockfile,",1
"'node-gyp',",1
"'normalize-package-data',",1
"'npm-cache-filename',",1
"'npm-install-checks',",1
"'npm-package-arg',",1
"'npm-registry-client',",1
"'npm-user-validate',",1
"npmlog,",1
"opener,",1
"osenv,",1
"'path-is-inside',",1
"'read-installed',",1
"'read-package-json',",1
"'realize-package-specifier',",1
"retry,",1
"sha,",1
"slide,",1
"'sorted-object',",1
"tar,",1
"'uid-number',",1
"wrappy,",1
"'write-file-atomic',",1
"bundletest,",1
"base64,",1
"'package-foo',",1
"jsonify,",1
"'canonical-host',",1
"clean,",1
"dependency,",1
"'@scoped/package-scoped-dependency',",1
"foo,",1
"d1,",1
"d2,",1
"'foo-private',",1
"'foo-private-credentials',",1
"'foo-github',",1
"'npm-test-peer-deps-file',",1
"'npm-test-peer-deps-file-invalid',",1
"'scripts-whitespace-windows-dep',",1
"'test-package',",1
"'johntron/asap',",1
"asap,",1
"revalidator,",1
"utile,",1
"winston,",1
"browserify,",1
"reactify,",1
"'node-jsx',",1
"commoner,",1
"jstransform,",1
"hyperzip,",1
"hyperdirect,",1
"'core-util-is',",1
"caseless,",1
"'forever-agent',",1
"'json-stringify-safe',",1
"'mime-types',",1
"'node-uuid',",1
"'tunnel-agent',",1
"'tough-cookie',",1
"'http-signature',",1
"'oauth-sign',",1
"hawk,",1
"'aws-sign2',",1
"stringstream,",1
"'combined-stream',",1
"'should-equal',",1
"'should-format',",1
"'engine.io',",1
"'socket.io-adapter',",1
"'has-binary-data',",1
"'engine.io-client',",1
"'component-bind',",1
"'object-component',",1
"'has-binary',",1
"indexof,",1
"parseuri,",1
"'to-array',",1
"'css-parse',",1
"'component/emitter',",1
"'component/reduce',",1
"formidable,",1
"cookiejar,",1
"'reduce-component',",1
"extend,",1
"cycle,",1
"eyes,",1
"isstream,",1
"'stack-trace',",1
"tinycolor,",1
"options,",1
"'pad-component',",1
"'string-length',",1
"taketalk,",1
"'word-wrap',",1
