node-static,1
uglify-js,2
engine.io,1
lodash,4
daemonize2,1
eventemitter2,2
ipaddr.js,1
socksjs,1
iconv-lite,1
spdy,1
po2json,1
winston,6
async,10
bcryptjs,1
body-parser,2
compression,2
connect-ensure-login,1
connect-flash,4
connect-multiparty,1
cookie-parser,2
cron,1
csurf,1
daemon,1
express,9
express-session,2
gm,1
gravatar,4
heapdump,1
less,1
logrotate-stream,1
mkdirp,1
morgan,2
nconf,2
nodebb-plugin-dbsearch,1
nodebb-plugin-markdown,1
nodebb-plugin-mentions,1
nodebb-plugin-soundpack-default,1
nodebb-plugin-spam-be-gone,1
nodebb-theme-lavender,1
nodebb-theme-vanilla,1
nodebb-widget-essentials,1
npm,5
passport,4
passport-local,3
prompt,2
request,10
rimraf,2
rss,2
semver,6
serve-favicon,2
sitemap,1
socket.io,4
socket.io-client,2
socket.io-redis,1
socketio-wildcard,1
string,1
templates.js,1
underscore,3
validator,2
xregexp,1
bigpipe,1
bigpipe-godot,1
bigpipe-layout,1
bigpipe-watch,1
connect,2
contour,1
cradle,1
diagnostics,1
dynamis,1
ejs,3
githulk,1
handlebars,5
memory-producer,1
npm-dependencies-pagelet,1
npm-documentation-pagelet,1
npm-package-json-pagelet,1
npm-probe,1
npm-registry,1
npm-search-pagelet,1
packages-pagelet,1
redis,7
registry-status-pagelet,1
sockjs,1
config,1
consolidate,2
couchwatch,1
cycle,1
d3,1
david,1
dep-diff,1
extract,1
github,1
github-url,1
level,1
level-session,1
memory-cache,1
merge,1
meta-marked,1
moment,7
passport-github,1
mongoose,5
connect-mongo,2
nodemailer,5
passport.socketio,1
q,1
html-css-sanitizer,1
azure,1
bcrypt-nodejs,1
bluebird,2
cloudinary,1
csv,2
embedly,1
jade,3
keystone-utils,1
knox,1
less-middleware,1
mandrill-api,1
marked,3
mpromise,1
mv,1
numeral,1
queryfilter,1
range_check,1
scmp,1
bcrypt,3
captcha,1
canvas,2
logfmt,1
tripcode,1
socket.io-stream,1
read,1
geoip,1
qs,1
proxmis,1
when,1
cli-color,1
static-favicon,1
connect-redis,1
helper-hoard,1
response-time,1
errorhandler,1
forever,1
bytes,1
newrelic,1
decay,1
pitstop,1
adm-zip,1
colors,1
dateformat,1
downloader,1
feedparser,1
fluent-ffmpeg,1
fs-extra,1
fs.extra,1
graceful-fs,2
ini,1
lastfmapi,1
lingua,1
method-override,1
moviedb,1
musicmetadata,1
node-ffprobe,1
node-html-encoder,1
node-schedule,1
open,1
require,1
sequelize,1
sqlite3,1
to-title-case,1
trakt,1
walk,1
wget,1
youtube-api,1
accept-language-parser,1
async-cache,4
blankie,1
bole,1
cargo,1
catbox,1
catbox-redis,1
cheerio,1
chunk,1
couch-login,3
crumb,1
deck,2
elasticsearch,1
github-url-from-git,2
github-url-to-object,1
handlebars-helper-pluralize,1
hapi,1
hapi-auth-cookie,1
hbsfy,1
highlight.js,1
hiredis,1
hoek,1
is-url,1
joi,1
jquery,2
lab,3
leven,1
malarkey,1
mousetrap,1
murmurhash,2
newww-metrics,1
nib,2
node-uuid,1
nodemailer-ses-transport,2
npm-expansions,1
npm-humans,1
npm-typeahead,2
npm-user-validate,2
npm2es,2
numbat-emitter,2
number-grouper,1
parse-link-header,1
pkgs,1
sanitizer,2
schemeless,1
scooter,1
similarity,1
stripe,2
stylus,3
validate-npm-package-name,1
sinon,1
browserify,1
bunyan,1
canonical-host,1
cluster-master,1
comma-it,1
cookies,2
csrf-lite,1
emcee,1
error-page,1
glob,1
hardhttps,1
http-https,1
keygrip,1
lru-cache,1
minimatch,1
npm-registry-client,1
npmconf,1
parse-json-response,1
raygun,1
redsess,1
routes,1
st,1
templar,1
uglifyjs,1
bower,2
combohandler,1
db-migrate,1
deep-freeze,1
express-slash,1
express-state,1
express3-handlebars,1
pg,1
fakeredis,1
formidable,1
htmlencode,1
locale,1
mongodb,1
minify,1
node.extend,1
node-promise,1
process,1
sanitize-html,1
dot,1
svgo,1
phantomjs,1
es6-promise,1
camp,1
slate-irc,1
component-builder,1
minstache,1
growl,1
component,1
MD5,1
angular,1
angular-route,1
ansiparse,1
cli-table,1
connect-slashes,1
cookie,1
cors,1
everypaas,1
express-namespace,1
extend,1
httpcheck,1
loggly,1
mailer,1
pw,1
rc,1
ssh-keypair,1
step,1
strider-bitbucket,1
strider-build-badge,1
strider-cli,1
strider-custom,1
strider-email-notifier,1
strider-env,1
strider-extension-loader,1
strider-git,1
strider-github,1
strider-gitlab,1
strider-heroku,1
strider-mailer,1
strider-metadata,1
strider-node,1
strider-python,1
strider-ruby,1
strider-simple-runner,1
strider-slack,1
strider-ssh-deploy,1
superagent,1
swig,1
thirty-two,1